{  
  "RoleName": "cosmos-voice-contributor-role",  
  "Type": "BuiltInRole",  
  "AssignableScopes": [  
    "/subscriptions/70195374-ae10-4ee7-a46d-67b8fd22d38c/resourceGroups/rg-lcc-uks-transcription/providers/Microsoft.DocumentDB/databaseAccounts/transcription-cosmos-db"
  ],  
  "Permissions": [  
    {  
      "DataActions": [  
        "Microsoft.DocumentDB/databaseAccounts/readMetadata",  
        "Microsoft.DocumentDB/databaseAccounts/sqlDatabases/containers/*",  
        "Microsoft.DocumentDB/databaseAccounts/sqlDatabases/containers/items/*"  
      ]  
    }  
  ]  
}  